"","Title","Year","Rated","Released","Runtime","Genre","Director","Writer","Actors","Plot","Language","Country","Awards","Poster","Ratings.Source","Ratings.Value","Metascore","imdbRating","imdbVotes","imdbID","Type","tomatoMeter","tomatoImage","tomatoRating","tomatoReviews","tomatoFresh","tomatoRotten","tomatoConsensus","tomatoUserMeter","tomatoUserRating","tomatoUserReviews","tomatoURL","DVD","BoxOffice","Production","Website","Response"
"1","Code Name: K.O.Z.","2015","NOT RATED","13 Feb 2015","114 min","Crime, Mystery","Celal Çimen","N/A","Cem Kurtoglu, Hakan Ural, Hazim Körmükçü, Tolga Karel","A look at the 17-25 December 2013 corruption scandal in Turkey, from the viewpoint of the Erdogan government.","Turkish","Turkey","N/A","https://images-na.ssl-images-amazon.com/images/M/MV5BMDhkOTQzN2UtZDJhMi00ZTkzLWJmYjctNmE0MjdmZDlmYjJlXkEyXkFqcGdeQXVyNTQzNzQ5OTE@._V1_SX300.jpg","Internet Movie Database","1.6/10","N/A","1.6","24,600","tt4458206","movie","N/A","N/A","N/A","N/A","N/A","N/A","N/A","N/A","N/A","N/A","N/A","N/A","N/A","N/A","N/A","True"
"2","Saving Christmas","2014","PG","14 Nov 2014","80 min","Comedy, Family","Darren Doane","Darren Doane, Cheston Hervey","Kirk Cameron, Darren Doane, Bridgette Cameron, Ben Kientz","Kirk is enjoying the annual Christmas party extravaganza thrown by his sister until he realizes he needs to help out Christian, his brother-in-law, who has a bad case of the bah-humbugs. ...","English","USA","4 wins & 2 nominations.","https://images-na.ssl-images-amazon.com/images/M/MV5BMTc3MTc3Njc5MV5BMl5BanBnXkFtZTgwNzU3NDE4MjE@._V1_SX300.jpg","Internet Movie Database","1.6/10","18","1.6","12,686","tt4009460","movie","N/A","N/A","N/A","N/A","N/A","N/A","N/A","N/A","N/A","N/A","http://www.rottentomatoes.com/m/kirk_camerons_saving_christmas/","03 Nov 2015","$2,778,297","IPD/Samuel Goldwyn Films","http://www.savingchristmas.com/","True"
"3","Superbabies: Baby Geniuses 2","2004","PG","27 Aug 2004","88 min","Comedy, Family, Sci-Fi","Bob Clark","Steven Paul (story), Gregory Poppen (screenplay)","Jon Voight, Scott Baio, Vanessa Angel, Skyler Shaye","A group of smart-talking toddlers find themselves at the center of a media mogul's experiment to crack the code to baby talk. The toddlers must race against time for the sake of babies everywhere.","English","Germany, UK, USA","13 nominations.","https://images-na.ssl-images-amazon.com/images/M/MV5BNjY4NjM3MjQ2OF5BMl5BanBnXkFtZTcwOTc3NzYyMQ@@._V1_SX300.jpg","Internet Movie Database","2.0/10","9","2.0","26,376","tt0270846","movie","N/A","N/A","N/A","N/A","N/A","N/A","N/A","N/A","N/A","N/A","http://www.rottentomatoes.com/m/super_babies_baby_geniuses_2/","04 Jan 2005","$9,016,422","Sony","http://www.sonypictures.com/movies/superbabiesbabygeniuses2/index.html","True"
"4","Daniel der Zauberer","2004","NOT RATED","12 Aug 2004","81 min","Comedy, Crime, Fantasy","Ulli Lommel","Ulli Lommel (screenplay)","Daniel Küblböck, Ulli Lommel, Rudolf Waldemar Brem, Katja Rupé","Evil assassins want to kill Daniel Kublbock, the third runner up for the German Idols.","German","Germany","N/A","https://images-na.ssl-images-amazon.com/images/M/MV5BMTI5OTM2MzAxM15BMl5BanBnXkFtZTcwNDA4MDMzMQ@@._V1_SX300.jpg","Internet Movie Database","1.9/10","N/A","1.9","13,060","tt0421051","movie","N/A","N/A","N/A","N/A","N/A","N/A","N/A","N/A","N/A","N/A","http://www.rottentomatoes.com/m/daniel_der_zauberer/","N/A","N/A","N/A","N/A","True"
"5","Manos: The Hands of Fate","1966","NOT RATED","15 Nov 1966","70 min","Horror","Harold P. Warren","Harold P. Warren (screenplay)","Tom Neyman, John Reynolds, Diane Adelson, Harold P. Warren","A family gets lost on the road and stumbles upon a hidden, underground, devil-worshiping cult led by the fearsome Master and his servant Torgo.","English","USA","N/A","https://images-na.ssl-images-amazon.com/images/M/MV5BNWUzNGExMGEtYzcwNS00OGY5LWE3NmItNDcxZTQ3YjljNmE2XkEyXkFqcGdeQXVyNTc4Njg5MjA@._V1_SX300.jpg","Internet Movie Database","1.9/10","N/A","1.9","31,768","tt0060666","movie","N/A","N/A","N/A","N/A","N/A","N/A","N/A","N/A","N/A","N/A","http://www.rottentomatoes.com/m/manos-the-hands-of-fate/","07 Oct 2003","N/A","Sinister Cinema","N/A","True"
"6","Pledge This!","2006","R","N/A","91 min","Comedy","William Heins, Strathford Hamilton","Cheryl Guerriero, Anna Obropta","Paris Hilton, Paula Garcés, Sarah Carter, Simon Rex","At South Beach University, a beautiful sorority president takes in a group of unconventional freshman girls seeking acceptance into her house.","English","USA","1 nomination.","https://images-na.ssl-images-amazon.com/images/M/MV5BMTQ0MDk0Mjc1MF5BMl5BanBnXkFtZTcwODMyOTYzMQ@@._V1_SX300.jpg","Internet Movie Database","1.9/10","N/A","1.9","15,828","tt0417056","movie","N/A","N/A","N/A","N/A","N/A","N/A","N/A","N/A","N/A","N/A","http://www.rottentomatoes.com/m/national_lampoon_s_pledge_this/","19 Dec 2006","N/A","Freestyle Releasing","N/A","True"
"7","Turks in Space","2006","NOT RATED","15 Dec 2006","110 min","Action, Comedy, Sci-Fi","Kartal Tibet","Murat Boyacioglu","Cüneyt Arkin, Haldun Boysan, Berda Ceyhan, Veysel Diker","A family of Turks try to adapt to life in a new solar system.","Turkish, Turkish","Turkey","N/A","https://images-na.ssl-images-amazon.com/images/M/MV5BMTYwOTMwODIxNF5BMl5BanBnXkFtZTcwMjc0NzA0MQ@@._V1_SX300.jpg","Internet Movie Database","1.9/10","N/A","1.9","14,068","tt0808240","movie","N/A","N/A","N/A","N/A","N/A","N/A","N/A","N/A","N/A","N/A","http://www.rottentomatoes.com/m/turks-in-space/","N/A","N/A","Tiglon","N/A","True"
"8","Foodfight!","2012","PG","12 Feb 2013","91 min","Animation, Action, Comedy","Lawrence Kasanoff","Lawrence Kasanoff (story), Joshua Wexler (story), Brent V. Friedman, Rebecca Swanson, Sean Catherine Derek","Charlie Sheen, Hilary Duff, Eva Longoria, Wayne Brady","The evil Brand X joins a supermarket that becomes a city after closing time.","English","USA","N/A","https://images-na.ssl-images-amazon.com/images/M/MV5BMTYwMDY1MDI0NV5BMl5BanBnXkFtZTgwODAyODk3NzE@._V1_SX300.jpg","Internet Movie Database","1.8/10","N/A","1.8","5,670","tt0249516","movie","N/A","N/A","N/A","N/A","N/A","N/A","N/A","N/A","N/A","N/A","http://www.rottentomatoes.com/m/foodfight/","N/A","N/A","Lionsgate Films","http://www.foodfight.com/","True"
"9","Birdemic: Shock and Terror","2010","NOT RATED","27 Feb 2010","105 min","Horror, Romance, Thriller","James Nguyen","James Nguyen (screenplay), James Nguyen (story)","Alan Bagh, Whitney Moore, Tippi Hedren, Janae Caster","A horde of mutated birds descends upon the quiet town of Half Moon Bay, California. With the death toll rising, Two citizens manage to fight back, but will they survive Birdemic?","English","USA","N/A","https://images-na.ssl-images-amazon.com/images/M/MV5BOTcxODAwMDYwNV5BMl5BanBnXkFtZTcwNzQ3MjQzMg@@._V1_SX300.jpg","Internet Movie Database","1.8/10","N/A","1.8","15,787","tt1316037","movie","N/A","N/A","N/A","N/A","N/A","N/A","N/A","N/A","N/A","N/A","http://www.rottentomatoes.com/m/birdemic_shock_and_terror-2008/","22 Feb 2011","N/A","Independant Pictures","http://www.birdemic.com","True"
"10","Dream.net","2009","N/A","16 Apr 2009","N/A","Comedy, Romance, Sport","Gábor Forgács","Gábor Forgács","Lilla Labanc, Kinga Czifra, Ádám Csernóczki, Attila Jankóczky","Regina, the once popular girl has to make new friends at her new, conservative school. Problems arrive when she becomes enemies with Lívia, the school's queen bee, and falls in love with ...","Hungarian","Hungary","N/A","https://images-na.ssl-images-amazon.com/images/M/MV5BMTYzODQwODk4NV5BMl5BanBnXkFtZTcwNDc1Njc4Mw@@._V1_SX300.jpg","Internet Movie Database","2.0/10","N/A","2.0","8,444","tt1309000","movie","N/A","N/A","N/A","N/A","N/A","N/A","N/A","N/A","N/A","N/A","http://www.rottentomatoes.com/m/alomnet/","N/A","N/A","N/A","N/A","True"
"11","Titanic: The Legend Goes On...","2000","NOT RATED","15 Sep 2000","90 min","Animation, Family, Fantasy","Camillo Teti","Bozenna Intrator (translation), Jymn Magon (consulting writer), Camillo Teti","Lisa Russo, Mark Thompson-Ashworth, Gisella Mathews, Silva Belton","A Cinderella meets her Prince Charming on the ill-fated Titanic. Along for the ride are a rapping dog, other talking animals, and an assortment of wacky humans.","Italian, English","Italy","N/A","https://images-na.ssl-images-amazon.com/images/M/MV5BMTg5MjcxODAwMV5BMl5BanBnXkFtZTcwMTk4OTMwMg@@._V1_SX300.jpg","Internet Movie Database","2.2/10","N/A","2.2","8,420","tt0330994","movie","N/A","N/A","N/A","N/A","N/A","N/A","N/A","N/A","N/A","N/A","http://www.rottentomatoes.com/m/titanic_the_animated_movie/","N/A","N/A","N/A","N/A","True"
"12","Disaster Movie","2008","PG-13","29 Aug 2008","87 min","Comedy","Jason Friedberg, Aaron Seltzer","Jason Friedberg, Aaron Seltzer","Matt Lanter, Vanessa Lachey, Gary 'G. Thang' Johnson, Nicole Parker","Over the course of one evening, an unsuspecting group of twenty-somethings find themselves bombarded by a series of natural disasters and catastrophic events.","English","USA","1 win & 6 nominations.","https://images-na.ssl-images-amazon.com/images/M/MV5BMTIzMDQyNDgwNl5BMl5BanBnXkFtZTcwMDA0MTc3MQ@@._V1_SX300.jpg","Internet Movie Database","1.9/10","15","1.9","77,407","tt1213644","movie","N/A","N/A","N/A","N/A","N/A","N/A","N/A","N/A","N/A","N/A","http://www.rottentomatoes.com/m/disaster_movie/","06 Jan 2009","$14,174,654","Lionsgate","http://disastermovie.net/","True"
"13","Zombie Nation","2004","R","05 Oct 2004","81 min","Horror","Ulli Lommel","Ulli Lommel","Gunter Ziegler, Brandon Dean, Axel Montgomery, Phil Lander","A psychotic police officer who murders his female arrests gets what's coming to him when a horde of zombified women rise from their graves to seek revenge.","English","USA","N/A","https://images-na.ssl-images-amazon.com/images/M/MV5BMTczNjE5Njk5Ml5BMl5BanBnXkFtZTcwNDc3MDA0MQ@@._V1_SX300.jpg","Internet Movie Database","2.1/10","N/A","2.1","7,730","tt0463392","movie","N/A","N/A","N/A","N/A","N/A","N/A","N/A","N/A","N/A","N/A","http://www.rottentomatoes.com/m/zombie-nation/","19 Dec 2006","N/A","LionsGate Entertainment","N/A","True"
"14","The Hottie & the Nottie","2008","PG-13","21 Feb 2008","91 min","Comedy, Romance","Tom Putnam","Heidi Ferrer","Paris Hilton, Joel David Moore, Christine Lakin, Johann Urb","A woman agrees to go on a date with a man only if he finds a suitor for her unattractive best friend.","English","USA","4 wins & 4 nominations.","https://images-na.ssl-images-amazon.com/images/M/MV5BMTA2NDc1ODUxNDZeQTJeQWpwZ15BbWU3MDQ1MjM1NTE@._V1_SX300.jpg","Internet Movie Database","1.9/10","7","1.9","34,089","tt0804492","movie","N/A","N/A","N/A","N/A","N/A","N/A","N/A","N/A","N/A","N/A","http://www.rottentomatoes.com/m/hottie_and_the_nottie/","06 May 2008","N/A","Regent Releasing","http://www.thehottieandthenottie.com","True"
"15","Keloglan vs. the Black Prince","2006","N/A","06 Jan 2006","105 min","Comedy","Tayfun Güneyer","Tayfun Güneyer","Mehmet Ali Erbil, Petek Dinçöz, Özcan Deniz, Ahu Türkpençe","Kelogan fights the black prince to serve justice.","Turkish","Turkey","N/A","https://images-na.ssl-images-amazon.com/images/M/MV5BMmQ2MGIyMTAtMThhMC00NWZmLThhNGItMjA5ZTgzYmQ5OTBlXkEyXkFqcGdeQXVyNjA3OTI5MjA@._V1_SX300.jpg","Internet Movie Database","1.8/10","N/A","1.8","8,485","tt0470833","movie","N/A","N/A","N/A","N/A","N/A","N/A","N/A","N/A","N/A","N/A","N/A","N/A","N/A","N/A","N/A","True"
"16","From Justin to Kelly","2003","PG","20 Jun 2003","81 min","Comedy, Musical, Romance","Robert Iscove","Kim Fuller","Kelly Clarkson, Justin Guarini, Katherine Bailess, Anika Noni Rose","A waitress from Texas and a college student from Pennsylvania meet during spring break in Fort Lauderdale, Florida and come together through their shared love of singing.","English","USA","3 wins & 18 nominations.","https://images-na.ssl-images-amazon.com/images/M/MV5BMTM1MjI1MDMwMl5BMl5BanBnXkFtZTYwNzk3Njk5._V1_SX300.jpg","Internet Movie Database","2.1/10","14","2.1","23,918","tt0339034","movie","N/A","N/A","N/A","N/A","N/A","N/A","N/A","N/A","N/A","N/A","http://www.rottentomatoes.com/m/from_justin_to_kelly/","26 Aug 2003","$4,584,577","20th Century Fox","http://www.fromjustintokelly.com/","True"
"17","A Fox's Tale","2008","N/A","N/A","85 min","Animation, Adventure, Family","György Gát, János Uzsák","Péter Dóka (screenplay), István Fekete (characters), György Gát (screenplay)","Gábor Csöre, Freddie Highmore, János Gálvölgyi, Miranda Richardson","Little Jack is a young fox living happily with his family in the woods, but everything changes when his father is captured by a circus troupe in order to be part of their show. The rest of ...","Hungarian","UK, Hungary","N/A","https://images-na.ssl-images-amazon.com/images/M/MV5BMTY3NTQzNTkyNV5BMl5BanBnXkFtZTcwMzI2NDAwMg@@._V1_SX300.jpg","Internet Movie Database","2.2/10","N/A","2.2","7,927","tt0830861","movie","N/A","N/A","N/A","N/A","N/A","N/A","N/A","N/A","N/A","N/A","N/A","N/A","N/A","N/A","N/A","True"
"18","Ram Gopal Varma's Indian Flames","2007","N/A","31 Aug 2007","171 min","Action, Adventure, Comedy","Ram Gopal Varma","Salim Khan (story), Rahil Qazi, Ram Gopal Varma (screenplay), Ram Gopal Varma (story)","Amitabh Bachchan, Mohanlal, Ajay Devgn, Vinod Jaywant","Nasik-based Heerendra Dhaan and Raj Ranade are bodyguards of a politician, but after their employer is implicated in a scam, they end up assaulting a police officer and flee to Mumbai. Once...","Hindi","India","N/A","https://images-na.ssl-images-amazon.com/images/M/MV5BZWNmYTc2YWQtZjk5Ni00NDc3LTk1YjQtMDUzNWM5NjVhMjI2XkEyXkFqcGdeQXVyNDUzOTQ5MjY@._V1_SX300.jpg","Internet Movie Database","1.9/10","N/A","1.9","6,017","tt0473310","movie","N/A","N/A","N/A","N/A","N/A","N/A","N/A","N/A","N/A","N/A","http://www.rottentomatoes.com/m/ram-gopal-varma-ki-aag/","N/A","N/A","N/A","N/A","True"
"19","Going Overboard","1989","R","12 May 1989","99 min","Comedy","Valerie Breiman","Valerie Breiman, Adam Sandler (additional material), Scott LaRose (additional material)","Burt Young, Adam Sandler, Scott LaRose, Lisa Collins","A struggling young comedian takes a menial job on a cruise ship where he hopes for his big chance to make it in the world of cruise ship comedy.","English","USA","N/A","https://images-na.ssl-images-amazon.com/images/M/MV5BMTc5NDQzNTI5Nl5BMl5BanBnXkFtZTcwMDgxMTgzMQ@@._V1_SX300.jpg","Internet Movie Database","1.9/10","N/A","1.9","10,918","tt0096870","movie","N/A","N/A","N/A","N/A","N/A","N/A","N/A","N/A","N/A","N/A","http://www.rottentomatoes.com/m/going_overboard/","23 Mar 1999","N/A","Trimark","N/A","True"
"20","Yes Sir","2007","N/A","19 Jan 2007","100 min","Action, Adventure, Comedy","Taner Akvardar, Mustafa Altioklar","Emine Altioklar","Mehmet Ali Erbil, Sarp Levendoglu, Seda Akman, Hamdi Alkan","There are soldiers who want to be a commander. But these soldiers always hanging around. Commanders want to bring to hell them. But these soldiers always makes jokes and they palters. Meanwhile, one of soldiers deal with him lover.","Turkish","Turkey","N/A","https://images-na.ssl-images-amazon.com/images/M/MV5BMjk4YzQ4MzItOTA2Ni00N2U5LWFmZjUtNDkzZDViMzA1MzJkXkEyXkFqcGdeQXVyNjA3OTI5MjA@._V1_SX300.jpg","Internet Movie Database","1.8/10","N/A","1.8","6,141","tt0953989","movie","N/A","N/A","N/A","N/A","N/A","N/A","N/A","N/A","N/A","N/A","N/A","N/A","N/A","N/A","N/A","True"
"21","Attack of the Jurassic Shark","2012","N/A","20 Apr 2012","75 min","Action, Horror, Sci-Fi","Brett Kelly","David A. Lloyd, Trevor Payer (additional dialogue)","Emanuelle Carriere, Christine Emes, Celine Filion, Angela Parent","When an oil company unwittingly unleashes a prehistoric shark from its icy prison, the Jurassic killer maroons a group of thieves and beautiful young female college students on an abandoned...","English","Canada","N/A","https://images-na.ssl-images-amazon.com/images/M/MV5BMTgwODUzODMzOV5BMl5BanBnXkFtZTcwNjM0NzAzOA@@._V1_SX300.jpg","Internet Movie Database","1.5/10","N/A","1.5","2,950","tt2071491","movie","N/A","N/A","N/A","N/A","N/A","N/A","N/A","N/A","N/A","N/A","N/A","N/A","N/A","N/A","N/A","True"
"22","Potato Salad","2015","N/A","23 Jul 2015","81 min","Comedy, Horror","Michael David Pate","Torge Oelrich, Michael David Pate","Joyce Ilg, Torge Oelrich, Otto Waalkes, Ernst-Herbert Albertsen","When a deadly zombie virus infects a school in Germany it remains on the student Leo to save the world.","German","Germany","N/A","https://images-na.ssl-images-amazon.com/images/M/MV5BMjE4NTY3NTk0NV5BMl5BanBnXkFtZTgwOTIxODI0NDE@._V1_SX300.jpg","Internet Movie Database","1.2/10","N/A","1.2","5,839","tt4404474","movie","N/A","N/A","N/A","N/A","N/A","N/A","N/A","N/A","N/A","N/A","N/A","N/A","N/A","N/A","N/A","True"
"23","Ben & Arthur","2002","N/A","02 Jan 2003","85 min","Drama, Romance, Thriller","Sam Mraovich","Sam Mraovich (screenplay)","Sam Mraovich, Jamie Brett Gabel, Michael Haboush, Bill Hindley","A pair of recently married gay men are threatened by one of the partners' brother, a religious fanatic who plots to murder them after being ostracized by his church.","English","USA","N/A","https://images-na.ssl-images-amazon.com/images/M/MV5BMTk2MjAxMDU3NV5BMl5BanBnXkFtZTgwMTEzMDA1NzE@._V1_SX300.jpg","Internet Movie Database","2.2/10","N/A","2.2","7,002","tt0364986","movie","N/A","N/A","N/A","N/A","N/A","N/A","N/A","N/A","N/A","N/A","http://www.rottentomatoes.com/m/ben-arthur/","13 Apr 2004","N/A","N/A","N/A","True"
"24","The Legend of the Titanic","1999","N/A","17 Apr 1999","84 min","Animation, Family, Fantasy","Orlando Corradi, Kim J. Ok","Clelia Castaldo, Orlando Corradi (story), Loris Peota, Ted Rusoff (dialogue adaptation)","Gregory Snegoff, Francis Pardeilhan, Jane Alexander, Anna Mazzotti","A grandfather mouse tells his grandchildren the ""real"" story of the Titanic disaster, including himself, evil sharks, a giant octopus, and an evil whaling scheme.","Italian","Italy, USA, Spain","N/A","https://images-na.ssl-images-amazon.com/images/M/MV5BMjMxNDU5MTk1MV5BMl5BanBnXkFtZTgwMDk5NDUyMTE@._V1_SX300.jpg","Internet Movie Database","1.9/10","N/A","1.9","2,873","tt1623780","movie","N/A","N/A","N/A","N/A","N/A","N/A","N/A","N/A","N/A","N/A","http://www.rottentomatoes.com/m/la_leggenda_del_titanic/","N/A","N/A","N/A","N/A","True"
"25","Himmatwala","2013","NOT RATED","29 Mar 2013","150 min","Action, Comedy, Drama","Sajid Khan","K. Raghavendra Rao (original story), Sajid Khan (story), Sajid Khan (screenplay), Farhad Samji (screenplay), Sajid (screenplay)","Ajay Devgn, Tamannaah Bhatia, Paresh Rawal, Mahesh Manjrekar","When a temple priest commits suicide after being dishonored by an evil landlord, his son returns to his native village on a mission of vengeance.","Hindi","India","2 wins & 1 nomination.","https://images-na.ssl-images-amazon.com/images/M/MV5BMTM4MTYwNDA0NF5BMl5BanBnXkFtZTcwNjE0MjQyOQ@@._V1_SX300.jpg","Internet Movie Database","1.8/10","N/A","1.8","6,555","tt2344678","movie","N/A","N/A","N/A","N/A","N/A","N/A","N/A","N/A","N/A","N/A","http://www.rottentomatoes.com/m/himmatwala/","N/A","$270,880","UTV Motion Pictures","http://www.utvgroup.com/motion-pictures/coming-soon/himmatwala.html","True"
"26","Birdemic 2: The Resurrection","2013","N/A","16 Apr 2013","90 min","Action, Comedy, Horror","James Nguyen","James Nguyen (screenwriter)","Alan Bagh, Whitney Moore, Thomas Favaloro, Chelsea Turnbo","A platoon of eagles and vultures attack Hollywood, California. Why did the eagles and vultures attack? Who will survive?","English","USA","N/A","https://images-na.ssl-images-amazon.com/images/M/MV5BMTg3MTgzNTM2MF5BMl5BanBnXkFtZTcwMDgxMTc5Nw@@._V1_SX300.jpg","Internet Movie Database","1.7/10","N/A","1.7","3,241","tt1674047","movie","N/A","N/A","N/A","N/A","N/A","N/A","N/A","N/A","N/A","N/A","http://www.rottentomatoes.com/m/birdemic_2_the_resurrection/","N/A","N/A","Moviehead Pictures","http://thisisbirdemic.com/","True"
"27","Monster a-Go Go","1965","TV-PG","01 Jul 1965","70 min","Horror, Sci-Fi","Bill Rebane, Herschell Gordon Lewis","Jeff Smith (screenplay), Dok Stanford (screenplay), Bill Rebane (screenplay), Herschell Gordon Lewis (additional dialogue)","Philip Morton, June Travis, George Perry, Lois Brooks","A space capsule crash-lands on Earth, and the astronaut aboard disappears. Is there a connection between the missing man and the monster roaming the area?","English","USA","N/A","https://images-na.ssl-images-amazon.com/images/M/MV5BNjY0OWQ0ZDctNDI4ZC00MTc2LThhOWItYmE2NWQwYjg0OWVjXkEyXkFqcGdeQXVyNjE5MjUyOTM@._V1_SX300.jpg","Internet Movie Database","2.3/10","N/A","2.3","6,331","tt0059464","movie","N/A","N/A","N/A","N/A","N/A","N/A","N/A","N/A","N/A","N/A","http://www.rottentomatoes.com/m/monster_a_gogo/","N/A","N/A","American Pop Classics","N/A","True"
"28","House of the Dead","2003","R","10 Oct 2003","90 min","Action, Adventure, Horror","Uwe Boll","Mark A. Altman (story), Dan Bates (story), Dave Parker (screenplay), Mark A. Altman (screenplay)","Jonathan Cherry, Tyron Leitso, Clint Howard, Ona Grauer","A group of college students travel to a mysterious island to attend a rave, which is soon taken over by bloodthirsty zombies.","English","Germany, Canada, USA","2 wins.","https://images-na.ssl-images-amazon.com/images/M/MV5BMTQwMTU1MzIyNV5BMl5BanBnXkFtZTYwODM4NTc2._V1_SX300.jpg","Internet Movie Database","2.0/10","15","2.0","32,974","tt0317676","movie","N/A","N/A","N/A","N/A","N/A","N/A","N/A","N/A","N/A","N/A","http://www.rottentomatoes.com/m/1126175-house_of_the_dead/","27 Jan 2004","$10,199,354","Artisan","http://www.house-of-the-dead.com/","True"
"29","Who's Your Caddy?","2007","PG-13","27 Jul 2007","93 min","Comedy, Sport","Don Michael Paul","Don Michael Paul, Bradley Allenstein, Robert Henny","Mick Partridge, Big Boi, Faizon Love, Sherri Shepherd","When a rap mogul from Atlanta tries to join a conservative country club in the Carolinas he runs into fierce opposition from the board President- but it's nothing that he and his entourage can't handle.","English","USA","1 win & 1 nomination.","https://images-na.ssl-images-amazon.com/images/M/MV5BMTY1MDQwMTYxNF5BMl5BanBnXkFtZTcwMTAwOTM1MQ@@._V1_SX300.jpg","Internet Movie Database","2.1/10","18","2.1","13,975","tt0785077","movie","N/A","N/A","N/A","N/A","N/A","N/A","N/A","N/A","N/A","N/A","http://www.rottentomatoes.com/m/whos_your_caddy/","27 Nov 2007","$5,501,498","Dimension Films","http://www.whosyourcaddythemovie.com/","True"
"30","Humshakals","2014","N/A","20 Jun 2014","159 min","Comedy","Sajid Khan","Sajid Khan (story and dialogue), Robin Bhatt (screenplay), Sajid Khan (screenplay), Akarsh Khurana (screenplay), Adhir Bhat (additional dialogue)","Saif Ali Khan, Riteish Deshmukh, Ram Kapoor, Bipasha Basu","A comedy centered around three people who each have a lookalike of a lookalike, all with the same name.","Hindi","India","5 nominations.","https://images-na.ssl-images-amazon.com/images/M/MV5BMTk0MTI3NDcxMV5BMl5BanBnXkFtZTgwMDIyNTE4MTE@._V1_SX300.jpg","Internet Movie Database","1.8/10","N/A","1.8","6,263","tt3036740","movie","N/A","N/A","N/A","N/A","N/A","N/A","N/A","N/A","N/A","N/A","http://www.rottentomatoes.com/m/humshakals/","N/A","$129,181","FIP","http://www.facebook.com/humshakals","True"
"31","Hobgoblins","1988","R","14 Jul 1988","88 min","Comedy, Horror, Sci-Fi","Rick Sloane","Rick Sloane","Tom Bartlett, Paige Sullivan, Steven Boggs, Kelley Palmer","A young security guard must track down diminutive aliens who kill people even as they make their fantasies come true.","English","USA","N/A","https://images-na.ssl-images-amazon.com/images/M/MV5BMTYzNDYxMTY3N15BMl5BanBnXkFtZTgwNjAxMzkwMzE@._V1_SX300.jpg","Internet Movie Database","2.3/10","N/A","2.3","8,710","tt0089280","movie","N/A","N/A","N/A","N/A","N/A","N/A","N/A","N/A","N/A","N/A","http://www.rottentomatoes.com/m/hobgoblins/","06 Dec 2005","N/A","All Channel Films","N/A","True"
"32","Glitter","2001","PG-13","21 Sep 2001","104 min","Drama, Music, Romance","Vondie Curtis-Hall","Cheryl L. West (story), Kate Lanier (screenplay)","Mariah Carey, Max Beesley, Da Brat, Tia Texada","A young singer dates a disc jockey who helps her get into the music business, but their relationship become complicated as she ascends to super stardom.","English","USA","3 wins & 10 nominations.","https://images-na.ssl-images-amazon.com/images/M/MV5BMGJkN2IxNTYtZDE1OS00MWJhLWFhNzItNTZkMjM4OGUzMTE2L2ltYWdlXkEyXkFqcGdeQXVyNTg3MTc4ODY@._V1_SX300.jpg","Internet Movie Database","2.2/10","14","2.2","19,905","tt0118589","movie","N/A","N/A","N/A","N/A","N/A","N/A","N/A","N/A","N/A","N/A","http://www.rottentomatoes.com/m/glitter/","15 Jan 2002","$3,865,759","20th Century Fox","http://216.133.243.94","True"
"33","The Beast of Yucca Flats","1961","UNRATED","02 May 1961","54 min","Horror, Sci-Fi","Coleman Francis","Coleman Francis","Douglas Mellor, Barbara Francis, Bing Stafford, Larry Aten","A defecting Soviet scientist is hit by a nuclear explosion near Yucca Flats and roams around as a beast.","English","USA","N/A","https://images-na.ssl-images-amazon.com/images/M/MV5BNmY5MGRkZjQtMGUxNC00ODc0LWFlZTQtMDIyN2YxMjQ1YjJhXkEyXkFqcGdeQXVyNjE5MjUyOTM@._V1_SX300.jpg","Internet Movie Database","2.4/10","N/A","2.4","6,697","tt0054673","movie","N/A","N/A","N/A","N/A","N/A","N/A","N/A","N/A","N/A","N/A","http://www.rottentomatoes.com/m/beast_of_yucca_flats/","05 Sep 2000","N/A","Crown International Pictures","N/A","True"
"34","Son of the Mask","2005","PG","18 Feb 2005","94 min","Comedy, Family, Fantasy","Lawrence Guterman","Lance Khazei","Jamie Kennedy, Alan Cumming, Liam Falconer, Ryan Falconer","Tim Avery, an aspiring cartoonist, finds himself in a predicament when his dog stumbles upon the mask of Loki. Then after conceiving an infant son ""born of the mask"", he discovers just how looney child raising can be.","English","USA, Germany","7 wins & 12 nominations.","https://images-na.ssl-images-amazon.com/images/M/MV5BMTI3Mjg5NjI3OV5BMl5BanBnXkFtZTcwNDkwODcyMQ@@._V1_SX300.jpg","Internet Movie Database","2.2/10","20","2.2","43,443","tt0362165","movie","N/A","N/A","N/A","N/A","N/A","N/A","N/A","N/A","N/A","N/A","http://www.rottentomatoes.com/m/son_of_the_mask/","17 May 2005","$16,967,576","New Line Cinema","http://www.sonofthemask.com/","True"
"35","Crossover","2006","PG-13","01 Sep 2006","95 min","Action, Sport","Preston A. Whitmore II","Preston A. Whitmore II","Anthony Mackie, Wesley Jonathan, Eva Marcille, Wayne Brady","A naturally talented basketball player, Noah Cruise is determined to become a doctor using his basketball scholarship to UCLA pre-med, rather than succumb to the lure of former sports agent...","English","USA","N/A","https://images-na.ssl-images-amazon.com/images/M/MV5BMTU4NDg4MjUyMV5BMl5BanBnXkFtZTcwNzIzNTQzMQ@@._V1_SX300.jpg","Internet Movie Database","2.1/10","30","2.1","8,778","tt0473024","movie","N/A","N/A","N/A","N/A","N/A","N/A","N/A","N/A","N/A","N/A","http://www.rottentomatoes.com/m/crossover/","20 Feb 2007","$7,009,668","Sony Pictures Entertainment","http://www.sony.com/crossover","True"
"36","Space Mutiny","1988","R","01 Aug 1988","91 min","Action, Adventure, Romance","David Winters, Neal Sundstrom","Maria Dante","Reb Brown, John Phillip Law, James Ryan, Cameron Mitchell","A pilot is the only hope to stop the mutiny of a spacecraft by its security crew, who plot to sell the crew of the ship into slavery.","English","South Africa, USA","N/A","https://images-na.ssl-images-amazon.com/images/M/MV5BYjFmZjBkMTQtYjE4YS00Y2FmLWFhZDQtNjY4YmZmMjE5MGY1XkEyXkFqcGdeQXVyMTA0MDM0ODY@._V1_SX300.jpg","Internet Movie Database","2.0/10","N/A","2.0","5,856","tt0096149","movie","N/A","N/A","N/A","N/A","N/A","N/A","N/A","N/A","N/A","N/A","http://www.rottentomatoes.com/m/mutiny_1999/","04 Sep 2007","N/A","Trimark","N/A","True"
"37","Night Train to Mundo Fine","1966","N/A","01 Nov 1966","89 min","Action, Adventure, Thriller","Coleman Francis","Coleman Francis","Coleman Francis, Anthony Cardoza, Harold Saunders, John Carradine","Escaped convict Griffin and his friends ran all the way to Hell...with a penny, and a broken cigarette.","English","USA","N/A","https://images-na.ssl-images-amazon.com/images/M/MV5BMTY4MjA0MDYyOF5BMl5BanBnXkFtZTcwMDY4NjMyMQ@@._V1_SX300.jpg","Internet Movie Database","2.6/10","N/A","2.6","5,874","tt0060753","movie","N/A","N/A","N/A","N/A","N/A","N/A","N/A","N/A","N/A","N/A","http://www.rottentomatoes.com/m/night_train_to_mundo_fine_1966/","N/A","N/A","Hollywood Star Pictures","N/A","True"
"38","Extra Terrestrial Visitors","1983","N/A","13 Dec 1983","80 min","Sci-Fi","Juan Piquer Simón","Joaquín Grau, Juan Piquer Simón","Ian Sera, Nina Ferrer, Susana Bequer, Sara Palmer","A young boy in the woods discovers a lovable alien...or is it?","French, Spanish","Spain","N/A","https://images-na.ssl-images-amazon.com/images/M/MV5BMTYzMDM0MzE0Ml5BMl5BanBnXkFtZTcwNTM1NzkyMQ@@._V1_SX300.jpg","Internet Movie Database","2.1/10","N/A","2.1","3,917","tt0086026","movie","N/A","N/A","N/A","N/A","N/A","N/A","N/A","N/A","N/A","N/A","http://www.rottentomatoes.com/m/los_nuevos_extraterrestres_1983/","N/A","N/A","Aries Cinematográfica Argentina","N/A","True"
"39","Dracula 3000","2004","R","09 Aug 2004","86 min","Horror, Sci-Fi","Darrell Roodt","Ivan Milborrow, Darrell Roodt","Casper Van Dien, Erika Eleniak, Coolio, Alexandra Kamp","Count Dracula terrorizes the crew of a spaceship.","English","Germany, South Africa","N/A","https://images-na.ssl-images-amazon.com/images/M/MV5BMTQxMmE4MDgtMDc5YS00N2YxLThhYzQtMDRmMmJlYjViYWVkXkEyXkFqcGdeQXVyNTM3MDMyMDQ@._V1_SX300.jpg","Internet Movie Database","2.0/10","N/A","2.0","5,206","tt0367677","movie","N/A","N/A","N/A","N/A","N/A","N/A","N/A","N/A","N/A","N/A","http://www.rottentomatoes.com/m/dracula_3000/","07 Dec 2004","N/A","LionsGate Entertainment","N/A","True"
"40","The Wild World of Batwoman","1966","N/A","N/A","70 min","Action, Comedy, Adventure","Jerry Warren","Jerry Warren (original screenplay)","Katherine Victor, George Mitchell, Steve Brodie, Richard Banks","The pointlessly named Batwoman and her bevy of Batmaidens fight evil and dance.","English","USA","N/A","https://images-na.ssl-images-amazon.com/images/M/MV5BMTcwOTk4ODM0M15BMl5BanBnXkFtZTYwNzcyOTg4._V1_SX300.jpg","Internet Movie Database","2.1/10","N/A","2.1","3,923","tt0061191","movie","N/A","N/A","N/A","N/A","N/A","N/A","N/A","N/A","N/A","N/A","http://www.rottentomatoes.com/m/wild_wild_world_of_batwoman/","10 Dec 2013","N/A","VCI Entertainment","http://www.vcientertainment.com/Film-Categories/JERRY-WARREN-COLLECTION-1","True"
"41","Surf School","2006","R","01 Sep 2006","87 min","Comedy, Sport","Joel Silverman","Joel Silverman","Corey Sevier, Laura Bell Bundy, Sisqó, Lee Norris","A rag-tag bunch of seniors, complete outsiders at their surf-crazed Laguna Beach High School, decide to crash the biggest team surf contest. In order to prevail, however, they must do one ...","English","USA","N/A","https://images-na.ssl-images-amazon.com/images/M/MV5BMTU1OTExNjQ1Ml5BMl5BanBnXkFtZTcwNDM2NTMzMQ@@._V1_SX300.jpg","Internet Movie Database","2.1/10","N/A","2.1","4,623","tt0456014","movie","N/A","N/A","N/A","N/A","N/A","N/A","N/A","N/A","N/A","N/A","http://www.rottentomatoes.com/m/1177842-1177842-surf_school/","17 Jul 2007","N/A","LionsGate Entertainment","http://www.surfschoolmovie.com","True"
"42","Epic Movie","2007","PG-13","26 Jan 2007","86 min","Adventure, Comedy","Jason Friedberg, Aaron Seltzer","Jason Friedberg, Aaron Seltzer","Kal Penn, Adam Campbell, Jennifer Coolidge, Jayma Mays","A comedic satire of films that are large in scope, reputation and popularity.","English","USA","2 wins & 3 nominations.","https://images-na.ssl-images-amazon.com/images/M/MV5BMTA3NDM5ODU3NzleQTJeQWpwZ15BbWU3MDgyMjgyNDE@._V1_SX300.jpg","Internet Movie Database","2.3/10","17","2.3","92,620","tt0799949","movie","N/A","N/A","N/A","N/A","N/A","N/A","N/A","N/A","N/A","N/A","http://www.rottentomatoes.com/m/epic_movie/","22 May 2007","$39,666,075","20th Century Fox","http://www.myspace.com/EpicMovie","True"
"43","Alone in the Dark","2005","R","28 Jan 2005","96 min","Action, Fantasy, Horror","Uwe Boll","Elan Mastai, Michael Roesch, Peter Scheerer","Christian Slater, Tara Reid, Stephen Dorff, Frank C. Turner","Based on the video game, Alone in the Dark focuses on Edward Carnby, a detective of the paranormal, who slowly unravels mysterious events with deadly results.","English","Canada, Germany, USA","5 wins & 4 nominations.","https://images-na.ssl-images-amazon.com/images/M/MV5BNWY1YmM0YWEtMzNhZi00MjNiLWI1YTctYTg0ZWEyYzE3OTllXkEyXkFqcGdeQXVyNzI1MDI1NDU@._V1_SX300.jpg","Internet Movie Database","2.3/10","9","2.3","38,560","tt0369226","movie","N/A","N/A","N/A","N/A","N/A","N/A","N/A","N/A","N/A","N/A","http://www.rottentomatoes.com/m/alone_in_the_dark/","10 May 2005","$5,132,655","Lions Gate","http://www.aloneinthedarkthemovie.com","True"
"44","The Starfighters","1964","N/A","25 Mar 1964","78 min","Drama","Will Zens","Will Zens","Robert Dornan, Richard Jordahl, Shirley Olmstead, Richard Masters","A young Air Force lieutenant falls in love with fighter planes while his father, a Congressman and war hero, yearns for him to fly heavy bombers.","English","USA","N/A","https://images-na.ssl-images-amazon.com/images/M/MV5BOTM5MzMzZmYtYWU5NS00MGE5LTg0ZTItYTI4NmIzMGJjYWZkXkEyXkFqcGdeQXVyNjA3OTI5MjA@._V1_SX300.jpg","Internet Movie Database","2.3/10","N/A","2.3","3,072","tt0058615","movie","N/A","N/A","N/A","N/A","N/A","N/A","N/A","N/A","N/A","N/A","http://www.rottentomatoes.com/m/the_starfighters/","04 Jul 1987","N/A","Riviera Films","N/A","True"
"45","Leonard Part 6","1987","PG","18 Dec 1987","85 min","Action, Comedy, Sci-Fi","Paul Weiland","Jonathan Reynolds (screenplay), Bill Cosby (story)","Bill Cosby, Tom Courtenay, Joe Don Baker, Moses Gunn","A secret agent is called out of retirement to save the world from an evil genius.","English","USA","3 wins & 4 nominations.","https://images-na.ssl-images-amazon.com/images/M/MV5BNzNjMzM0YTAtNDE0MS00OGJlLTlkN2QtMzJkYjhjNTYyNTkzL2ltYWdlL2ltYWdlXkEyXkFqcGdeQXVyNjE5MjUyOTM@._V1_SX300.jpg","Internet Movie Database","2.2/10","N/A","2.2","7,295","tt0093405","movie","N/A","N/A","N/A","N/A","N/A","N/A","N/A","N/A","N/A","N/A","http://www.rottentomatoes.com/m/leonard-part-6/","26 Apr 2005","N/A","Sony Pictures Home Entertainment","N/A","True"
"46","Final Justice","1985","R","01 May 1985","90 min","Action, Crime, Drama","Greydon Clark","Greydon Clark","Joe Don Baker, Rossano Brazzi, Venantino Venantini, Patrizia Pellegrino","Homicidal Sheriff Thomas Jefferson Geronimo is tasked with escorting a mobster to Malta; when the prisoner escapes, Geronimo goes rogue to catch him.","English","USA, Italy","N/A","https://images-na.ssl-images-amazon.com/images/M/MV5BMzcwOTQzMjcwMl5BMl5BanBnXkFtZTcwNzg2NjYxMQ@@._V1_SX300.jpg","Internet Movie Database","2.0/10","N/A","2.0","2,763","tt0087258","movie","N/A","N/A","N/A","N/A","N/A","N/A","N/A","N/A","N/A","N/A","http://www.rottentomatoes.com/m/final_justice_1985/","24 Nov 1998","N/A","Arista Films","N/A","True"
"47","Eegah","1962","UNRATED","01 Apr 1965","90 min","Comedy","Arch Hall Sr.","Bob Wehling (screenplay), Arch Hall Sr. (original story)","Arch Hall Jr., Marilyn Manning, Richard Kiel, Arch Hall Sr.","Teenagers stumble across a prehistoric caveman, who goes on a rampage.","English","USA","N/A","https://images-na.ssl-images-amazon.com/images/M/MV5BODBiNjNmN2EtODFmNS00ZWEwLTliOTktYWRlOTc0MWQ3NzQxXkEyXkFqcGdeQXVyNTc4Njg5MjA@._V1_SX300.jpg","Internet Movie Database","2.2/10","N/A","2.2","4,795","tt0055946","movie","N/A","N/A","N/A","N/A","N/A","N/A","N/A","N/A","N/A","N/A","http://www.rottentomatoes.com/m/eegah/","22 Oct 2002","N/A","Rhino Home Video","N/A","True"
"48","Die Hard Dracula","1998","N/A","N/A","88 min","Comedy, Horror","Peter Horak","Peter Horak","Bruce Glover, Denny Sachen, Kerry Dustin, Ernest M. Garcia","A modern-day updating of the Dracula legend that finds Steven, a good-looking American hero devastated by the death of his girlfriend, wandering through Europe and looking for happiness. A ...","English","USA","N/A","https://images-na.ssl-images-amazon.com/images/M/MV5BMTkwNTQwNDQ4MF5BMl5BanBnXkFtZTcwMDY2NjUyMQ@@._V1_SX300.jpg","Internet Movie Database","2.0/10","N/A","2.0","3,098","tt0162930","movie","N/A","N/A","N/A","N/A","N/A","N/A","N/A","N/A","N/A","N/A","http://www.rottentomatoes.com/m/die_hard_dracula/","19 Oct 1999","N/A","N/A","N/A","True"
"49","The Class","2007","N/A","26 Jan 2007","100 min","Comedy","Faruk Aksoy","Safak Güçlü, Irfan Saruhan (script writer)","Alp Kirsan, Yagmur Atacan, Tuba Ünsal, Simge Tertemiz","Class of teenage students attempting to save their unconventional school from closure, which was one of the highest-grossing Turkish films of 2007.","Turkish","Turkey","N/A","https://images-na.ssl-images-amazon.com/images/M/MV5BMjUyNjE2ZmUtODZkMS00YjQ4LTllMGEtZGUxZjI5ZjJhYjAwXkEyXkFqcGdeQXVyNTM3NzExMDQ@._V1_SX300.jpg","Internet Movie Database","2.0/10","N/A","2.0","2,909","tt0929809","movie","N/A","N/A","N/A","N/A","N/A","N/A","N/A","N/A","N/A","N/A","http://www.rottentomatoes.com/m/cilgin_dersane/","N/A","N/A","Tiglon","N/A","True"
"50","United Passions","2014","NOT RATED","19 Jun 2014","110 min","Drama, History, Sport","Frédéric Auburtin","Frédéric Auburtin, Jean-Paul Delfino","Tim Roth, Sam Neill, Fisher Stevens, Gérard Depardieu","Follows the passing of the FIFA baton through three association presidents: Jules Rimet, Joao Havelange, and Sepp Blatter.","English","France","1 win.","https://images-na.ssl-images-amazon.com/images/M/MV5BMjU5ODY4NDM5Ml5BMl5BanBnXkFtZTgwNTk3OTM4NTE@._V1_SX300.jpg","Internet Movie Database","2.1/10","1","2.1","3,454","tt2814362","movie","N/A","N/A","N/A","N/A","N/A","N/A","N/A","N/A","N/A","N/A","http://www.rottentomatoes.com/m/united_passions/","14 Sep 2015","$900","Screen Media Films","https://www.facebook.com/unitedpassions.movie","True"
"51","Gigli","2003","R","01 Aug 2003","121 min","Comedy, Crime, Romance","Martin Brest","Martin Brest","Ben Affleck, Terry Camilleri, David Backus, Lenny Venito","The violent story about how a criminal lesbian, a tough-guy hit-man with a heart of gold, and a mentally challenged man came to be best friends through a hostage.","English","USA","12 wins & 13 nominations.","https://images-na.ssl-images-amazon.com/images/M/MV5BMTE5MTYxMDg5NV5BMl5BanBnXkFtZTYwNjc5MzQ3._V1_SX300.jpg","Internet Movie Database","2.4/10","18","2.4","42,580","tt0299930","movie","N/A","N/A","N/A","N/A","N/A","N/A","N/A","N/A","N/A","N/A","http://www.rottentomatoes.com/m/straight-tripping/","25 Jan 2005","N/A","N/A","N/A","True"
"52","Kyaa Kool Hain Hum 3","2016","N/A","22 Jan 2016","124 min","Comedy","Umesh Ghadge","Mushtaq Sheikh (story and screenplay), Milap Zaveri (dialogue)","Tusshar Kapoor, Aftab Shivdasani, Krishna Abhishek, Mandana Karimi","A porn actor uses his fellow adult movie stars in creating a fake traditional family, in order to impress his girlfriend's conservative father.","Hindi","India","N/A","https://images-na.ssl-images-amazon.com/images/M/MV5BN2Y5YzMxYzUtMjA4YS00NWM5LTk5OWItNDZiMDVlYjYxNDBhXkEyXkFqcGdeQXVyNDUzOTQ5MjY@._V1_SX300.jpg","Internet Movie Database","1.8/10","N/A","1.8","3,392","tt5290620","movie","N/A","N/A","N/A","N/A","N/A","N/A","N/A","N/A","N/A","N/A","http://www.rottentomatoes.com/m/kyaa_kool_hain_hum_3/","N/A","N/A","B4U US","N/A","True"
"53","The Pumaman","1980","N/A","14 Feb 1980","90 min","Action, Adventure, Fantasy","Alberto De Martino","Massimo De Rita (screenplay), Luigi Angelo (collaboration on screenplay), Alberto De Martino (story)","Walter George Alton, Donald Pleasence, Miguel Ángel Fuentes, Sydne Rome","Low-budget film about a young man given a mystical medallion by an Aztec shaman, in order to become a puma-empowered champion like his father before him. In trying to initially locate the ...","English","Italy","N/A","https://images-na.ssl-images-amazon.com/images/M/MV5BZGE0Zjk2NjQtMDdmOC00ZDZmLTkwZDEtM2ExODA2MzZiMTBlXkEyXkFqcGdeQXVyNjA3OTI5MjA@._V1_SX300.jpg","Internet Movie Database","2.1/10","N/A","2.1","3,628","tt0081693","movie","N/A","N/A","N/A","N/A","N/A","N/A","N/A","N/A","N/A","N/A","N/A","N/A","N/A","N/A","N/A","True"
"54","Battlefield Earth","2000","PG-13","12 May 2000","118 min","Action, Adventure, Sci-Fi","Roger Christian","Corey Mandell (screenplay), J.D. Shapiro (screenplay), L. Ron Hubbard (novel)","John Travolta, Barry Pepper, Forest Whitaker, Kim Coates","After enslavement and near extermination by an alien race in the year 3000, humanity begins to fight back.","English","USA","17 wins & 3 nominations.","https://images-na.ssl-images-amazon.com/images/M/MV5BMTg0Njk2OTM3OF5BMl5BanBnXkFtZTYwNTAyMzc3._V1_SX300.jpg","Internet Movie Database","2.4/10","9","2.4","67,543","tt0185183","movie","N/A","N/A","N/A","N/A","N/A","N/A","N/A","N/A","N/A","N/A","http://www.rottentomatoes.com/m/battlefield_earth/","16 Jan 2001","N/A","Warner Bros. Pictures","http://www.battlefieldearth.net","True"
"55","Too Beautiful","2005","N/A","22 Apr 2005","97 min","Comedy","Ugo Fabrizio Giordani","Maurizio Costanzo (screenplay), Stefano Sudriè (screenplay)","Costantino Vitagliano, Daniele Interrante, Jennifer Poli, Alessandra Pierelli","Costantino and Daniele are two friends which have very success with girls. Their wish is to work in the show business and they can achieve their goal when meet Valeria, top model and ...","Italian","Italy","N/A","https://images-na.ssl-images-amazon.com/images/M/MV5BNTRmMWZhNDYtNjNjMy00YzA5LTgwZmItZjM4NGQwY2Q2OTViXkEyXkFqcGdeQXVyNjA3OTI5MjA@._V1_SX300.jpg","Internet Movie Database","2.9/10","N/A","2.9","4,467","tt0469849","movie","N/A","N/A","N/A","N/A","N/A","N/A","N/A","N/A","N/A","N/A","N/A","N/A","N/A","N/A","N/A","True"
"56","Smolensk","2016","N/A","09 Sep 2016","120 min","Drama, Thriller","Antoni Krauze","Antoni Krauze, Tomasz Lysiak, Maciej Pawlicki, Marcin Wolski","Beata Fido, Maciej Póltorak, Aldona Struzik, Lech Lotocki","Inspired by true events of 2010 Polish Air Force Tu-154 crash in Smolensk, the film tells the fictional story of crash and various people affected by the tragedy. The protagonist is a ...","Polish, English","Poland","N/A","https://images-na.ssl-images-amazon.com/images/M/MV5BYWYwZTM5ZmQtMDZjMS00N2VkLWEwZDAtMGMzMTM0MWQ3YmU5XkEyXkFqcGdeQXVyMjAwNzM1Mjc@._V1_SX300.jpg","Internet Movie Database","1.2/10","N/A","1.2","6,560","tt6038600","movie","N/A","N/A","N/A","N/A","N/A","N/A","N/A","N/A","N/A","N/A","http://www.rottentomatoes.com/m/smolensk","N/A","N/A","N/A","N/A","True"
"57","Track of the Moon Beast","1976","PG","01 May 1978","90 min","Horror, Sci-Fi","Richard Ashe","Bill Finger, Charles Sinclair","Chase Cordell, Leigh Drake, Gregorio Sala, Patrick Wright","A young man is transformed into a hideous ""moon beast"" due to a meteor fragment lodged in his body.","English","USA","N/A","https://images-na.ssl-images-amazon.com/images/M/MV5BY2U2YmZiMmEtYTY1Yi00ODk1LWIzZDMtZTVmMTkyM2ZhMmI2L2ltYWdlXkEyXkFqcGdeQXVyMTYxNjkxOQ@@._V1_SX300.jpg","Internet Movie Database","2.2/10","N/A","2.2","3,029","tt0075343","movie","N/A","N/A","N/A","N/A","N/A","N/A","N/A","N/A","N/A","N/A","http://www.rottentomatoes.com/m/track-of-the-moon-beast/","15 Jan 2008","N/A","N/A","N/A","True"
"58","Anne B. Real","2003","PG-13","14 Jun 2003","91 min","Drama","Lisa France","Antonio Macia (story), Antonio Macia (screenplay), Lisa France (screenplay), Luis Moro (screen story)","Carlos Leon, Eric Smith, Jacquelyn Morgan, Sherri Saum","ANNE B. REAL is the coming of age story of a young female rapper, who finds her inspiration by reading the Diary of Anne Frank.","English","USA","4 wins & 3 nominations.","https://images-na.ssl-images-amazon.com/images/M/MV5BODcwMjI4NjAxOV5BMl5BanBnXkFtZTYwNDY3MTg5._V1_SX300.jpg","Internet Movie Database","2.1/10","N/A","2.1","3,559","tt0315775","movie","N/A","N/A","N/A","N/A","N/A","N/A","N/A","N/A","N/A","N/A","http://www.rottentomatoes.com/m/anne_b_real/","04 Nov 2003","N/A","N/A","N/A","True"
"59","Invasion of the Neptune Men","1961","N/A","19 Jul 1961","74 min","Sci-Fi","Kôji Ohta","Shin Morita, Akihiro Watanabe (story)","Shin'ichi Chiba, Ryûko Minakami, Mitsue Komiya, Seiichirô Kameishi","Clumsy invaders from Neptune are thwarted by hero Space Chief and a nondescript group of microshort-wearing Japanese kids.","Japanese","Japan","N/A","http://ia.media-imdb.com/images/M/MV5BMTM3NzU0NTA1M15BMl5BanBnXkFtZTcwNDE0NTYzMQ@@._V1_SX300.jpg","Internet Movie Database","1.9/10","N/A","1.9","2,102","tt0055562","movie","N/A","N/A","N/A","N/A","N/A","N/A","N/A","N/A","N/A","N/A","http://www.rottentomatoes.com/m/uchu-kaisokusen-invasion-of-the-neptune-men-invasion-from-a-planet/","03 Oct 2006","N/A","Image Entertainment","N/A","True"
"60","The Incredibly Strange Creatures Who Stopped Living and Became Mixed-Up Zombies!!?","1964","NOT RATED","10 Feb 1964","82 min","Horror","Ray Dennis Steckler","Gene Pollock (screenplay), Robert Silliphant (screenplay), E.M. Kevke (original story)","Ray Dennis Steckler, Brett O'Hara, Atlas King, Sharon Walsh","Jerry falls in love with a stripper he meets at a carnival. Little does he know that she is the sister of a gypsy fortune teller whose predictions he had scoffed at earlier. The gypsy turns him into a zombie and he goes on a killing spree.","English","USA","N/A","https://images-na.ssl-images-amazon.com/images/M/MV5BNWIyMDk3NDEtYjI3Yy00ZGJlLWE5ZGItYjAxOTMwNTgxOWMxXkEyXkFqcGdeQXVyMTQxNzMzNDI@._V1_SX300.jpg","Internet Movie Database","2.2/10","N/A","2.2","4,184","tt0057181","movie","N/A","N/A","N/A","N/A","N/A","N/A","N/A","N/A","N/A","N/A","http://www.rottentomatoes.com/m/the_incredibly_strange_creatures/","28 Sep 2004","N/A","Fairway International","N/A","True"
"61","Zaat","1971","PG","01 Jan 1971","100 min","Horror, Sci-Fi","Don Barton, Arnold Stevens","Ron Kivett (story), Lee O. Larew (story), Don Barton (screenplay)","Marshall Grauer, Wade Popwell, Paul Galloway, Gerald Cruse","A mad scientist transforms himself into an aquatic killer.","English","USA","N/A","https://images-na.ssl-images-amazon.com/images/M/MV5BMjZhMTZjNDgtZmVhMy00ZGNkLWEzN2MtYmU0NmEyYjNkZDhjXkEyXkFqcGdeQXVyNjA3OTI5MjA@._V1_SX300.jpg","Internet Movie Database","2.5/10","N/A","2.5","4,177","tt0072666","movie","N/A","N/A","N/A","N/A","N/A","N/A","N/A","N/A","N/A","N/A","http://www.rottentomatoes.com/m/zaat-dr-z/","N/A","N/A","N/A","N/A","True"
"62","The Skydivers","1963","N/A","13 Nov 1963","75 min","Drama, Sport","Coleman Francis","Coleman Francis","Kevin Casey, Eric Tomlin, Anthony Cardoza, Marcia Knight","A woman seeks revenge on her former lover, who owns a skydiving business.","English","USA","N/A","http://ia.media-imdb.com/images/M/MV5BNTM3NzE1MzUtYmZlOC00NmU4LWE1ODktYThkYjBmOTI4ZDIxXkEyXkFqcGdeQXVyMTYxNjkxOQ@@._V1_SX300.jpg","Internet Movie Database","3.0/10","N/A","3.0","4,389","tt0057507","movie","N/A","N/A","N/A","N/A","N/A","N/A","N/A","N/A","N/A","N/A","http://www.rottentomatoes.com/m/the_skydivers/","N/A","N/A","Crown International Pictures","N/A","True"
"63","Girl in Gold Boots","1968","R","25 Apr 1968","94 min","Crime, Drama, Music","Ted V. Mikels","Leighton J. Peatman (screenplay), Art Names (screenplay), John T. Wilson (screenplay)","Jody Daniels, Leslie McRay, Tom Pace, Mark Herron","A young woman leaves her job as a waitress and travels to Los Angeles, where she strives to become the top star in the glamorous world of go-go dancing.","English","USA","N/A","https://images-na.ssl-images-amazon.com/images/M/MV5BMTc3OTQ1MDczMF5BMl5BanBnXkFtZTcwNTEyMjEyMQ@@._V1_SX300.jpg","Internet Movie Database","2.2/10","N/A","2.2","3,190","tt0174685","movie","N/A","N/A","N/A","N/A","N/A","N/A","N/A","N/A","N/A","N/A","http://www.rottentomatoes.com/m/the_girl_in_gold_boots/","02 May 2005","N/A","Geneni Film Distributing Company","N/A","True"
"64","The Oogieloves in the Big Balloon Adventure","2012","G","29 Aug 2012","88 min","Adventure, Family, Fantasy","Matthew Diamond","Alex Greene (based on characters by), Scott Stabile, Carol Sweeney (based on characters by), Kenn Viselman (creator)","Jaime Pressly, Cloris Leachman, Cary Elwes, Christopher Lloyd","The Oogieloves -- Goobie, Zoozie and Toofie -- set out to find five magical balloons that will make their good friend Schluufy's surprise birthday party extra-special.","English","USA","2 nominations.","https://images-na.ssl-images-amazon.com/images/M/MV5BMTk0ODM0MzA0OV5BMl5BanBnXkFtZTcwODUyODc3Nw@@._V1_SX300.jpg","Internet Movie Database","6.4/10","32","6.4","14,350","tt1520498","movie","N/A","N/A","N/A","N/A","N/A","N/A","N/A","N/A","N/A","N/A","http://www.rottentomatoes.com/m/the_oogieloves_in_the_big_balloon_adventure/","04 Feb 2013","$1,064,277","Big Balloon Adventure Movies","http://www.oogieloves.com/","True"
"65","Chairman of the Board","1998","PG-13","18 Sep 1998","95 min","Comedy","Alex Zamm","Al Septien (story), Turi Meyer (story), Al Septien (screenplay), Turi Meyer (screenplay), Alex Zamm (screenplay)","Scott 'Carrot Top' Thompson, Courtney Thorne-Smith, Larry Miller, Raquel Welch","A surfer becomes the head of a major company.","English","USA","2 nominations.","https://images-na.ssl-images-amazon.com/images/M/MV5BNjUxMDAyMzUyNV5BMl5BanBnXkFtZTcwNDE4MTMyMQ@@._V1_SX300.jpg","Internet Movie Database","2.3/10","N/A","2.3","5,308","tt0118836","movie","N/A","N/A","N/A","N/A","N/A","N/A","N/A","N/A","N/A","N/A","http://www.rottentomatoes.com/m/chairman_of_the_board/","14 Jul 1998","N/A","Trimark","N/A","True"
"66","Lawnmower Man 2: Beyond Cyberspace","1996","PG-13","12 Jan 1996","93 min","Action, Sci-Fi, Thriller","Farhad Mann","Farhad Mann (story), Michael Miner (story), Farhad Mann (screenplay)","Patrick Bergin, Matt Frewer, Austin O'Brien, Ely Pouget","Jobe is resuscitated by Jonathan Walker. He wants Jobe to create a special computer chip that would connect all the computers in the world into one network, which Walker would control and ...","English","USA","1 nomination.","https://images-na.ssl-images-amazon.com/images/M/MV5BZGI0ZDZhOGUtZDZiOS00NWE2LThjNzQtYzI3ZGFjODUwZjlkXkEyXkFqcGdeQXVyMTQxNzMzNDI@._V1_SX300.jpg","Internet Movie Database","2.4/10","29","2.4","8,233","tt0116839","movie","N/A","N/A","N/A","N/A","N/A","N/A","N/A","N/A","N/A","N/A","http://www.rottentomatoes.com/m/lawnmower_man_2_jobes_war/","07 Oct 2003","N/A","New Line Home Entertainment","N/A","True"
"67","Dark Harvest II: The Maize","2004","R","13 Oct 2004","100 min","Horror","Bill Cowell","Bill Cowell","Bill Cowell, Kelleigh Murray, Alyssa Cowell, Elena Pezzino","A father's psychic abilities are put to the test when his two daughters are trapped inside of a corn maze haunted by the spirits of two young girls who disappeared a year earlier.","English","USA","1 win.","https://images-na.ssl-images-amazon.com/images/M/MV5BMTgyNDUzNTQxOV5BMl5BanBnXkFtZTcwNjI1ODgyMQ@@._V1_SX300.jpg","Internet Movie Database","2.1/10","N/A","2.1","2,516","tt0451109","movie","N/A","N/A","N/A","N/A","N/A","N/A","N/A","N/A","N/A","N/A","http://www.rottentomatoes.com/m/the-maize-the-movie/","N/A","N/A","N/A","N/A","True"
"68","The Touch of Satan","1971","PG","23 Aug 1971","90 min","Horror","Don Henderson","James E. McLarty (screenplay)","Michael Berry, Emby Mellay, Lee Amber, Yvonne Winslow","A young man meets a farm girl who is actually a witch.","English","USA","N/A","https://images-na.ssl-images-amazon.com/images/M/MV5BODVhMjQ3YjctMDA0Zi00YWQwLWJiZDQtMDM5ZDE3YTZhOGZkXkEyXkFqcGdeQXVyNjA3OTI5MjA@._V1_SX300.jpg","Internet Movie Database","2.1/10","N/A","2.1","2,442","tt0066476","movie","N/A","N/A","N/A","N/A","N/A","N/A","N/A","N/A","N/A","N/A","http://www.rottentomatoes.com/m/the_touch_of_satan/","N/A","N/A","Futurama International","N/A","True"
"69","Baby Geniuses","1999","PG","12 Mar 1999","97 min","Comedy, Crime, Family","Bob Clark","Steven Paul (story), Francisca Matos (story), Robert Grasmere (story), Bob Clark (screenplay), Greg Michael (screenplay)","Kathleen Turner, Christopher Lloyd, Kim Cattrall, Peter MacNicol","Scientist hold talking, super-intelligent babies captive, but things take a turn for the worse when a mix-up occurs between a baby genius and its twin.","English","USA","1 win & 3 nominations.","https://images-na.ssl-images-amazon.com/images/M/MV5BZmRhMWVmOTQtNjUwMS00MzEwLWFkNWQtNWJlMTk3NDcyYzM1XkEyXkFqcGdeQXVyMTA0MjU0Ng@@._V1_SX300.jpg","Internet Movie Database","2.6/10","6","2.6","20,826","tt0118665","movie","N/A","N/A","N/A","N/A","N/A","N/A","N/A","N/A","N/A","N/A","http://www.rottentomatoes.com/m/baby_geniuses/","27 Jul 1999","N/A","TriStar Pictures","N/A","True"
"70","Soultaker","1990","R","26 Oct 1990","94 min","Fantasy, Horror","Michael Rissi","Vivian Schilling (story), Eric Parkinson (story), Vivian Schilling (screenplay)","Joe Estevez, Vivian Schilling, Gregg Thomsen, Robert Z'Dar","Four teenagers are killed in a car accident. Two of the teenagers refuse to go with ""The Grim Reaper"" and a race between life and death ensues!","English","USA","1 win.","https://images-na.ssl-images-amazon.com/images/M/MV5BMTI3MTg2NTk5Nl5BMl5BanBnXkFtZTcwNDk2MzAyMQ@@._V1_SX300.jpg","Internet Movie Database","2.3/10","N/A","2.3","3,281","tt0100665","movie","N/A","N/A","N/A","N/A","N/A","N/A","N/A","N/A","N/A","N/A","http://www.rottentomatoes.com/m/the-soultaker/","20 Apr 2004","N/A","N/A","N/A","True"
"71","The Blade Master","1984","PG","15 Feb 1984","92 min","Action, Adventure, Fantasy","Joe D'Amato","Joe D'Amato","Miles O'Keeffe, Lisa Foster, Charles Borromel, Kiro Wehara","Muscle-bound Ator and his mute East Asian sidekick travel from the ends of the earth to save his aged mentor from the evil, mustachioed Zor.","Italian","Italy","N/A","https://images-na.ssl-images-amazon.com/images/M/MV5BMjA3OTU5MTg1Nl5BMl5BanBnXkFtZTYwNTM2Mjk5._V1_SX300.jpg","Internet Movie Database","2.2/10","N/A","2.2","3,043","tt0086972","movie","N/A","N/A","N/A","N/A","N/A","N/A","N/A","N/A","N/A","N/A","http://www.rottentomatoes.com/m/blade_master/","N/A","N/A","N/A","N/A","True"
"72","Prince of Space","1959","N/A","N/A","121 min","Action, Adventure, Sci-Fi","Eijirô Wakabayashi","Masaru Igami (story), Shin Morita","Tatsuo Umemiya, Hiroko Mine, Takashi Kanda, Ushio Skashi","When an alien force tries to invade Earth to steal a powerful new rocket fuel, a mysterious hero intervenes.","Japanese","Japan","N/A","https://images-na.ssl-images-amazon.com/images/M/MV5BMTIyODMzNTIwOV5BMl5BanBnXkFtZTcwMTc4NzYzMQ@@._V1_SX300.jpg","Internet Movie Database","2.2/10","N/A","2.2","2,526","tt0053464","movie","N/A","N/A","N/A","N/A","N/A","N/A","N/A","N/A","N/A","N/A","http://www.rottentomatoes.com/m/prince_of_space/","N/A","N/A","N/A","N/A","True"
"73","Simon Sez","1999","PG-13","24 Sep 1999","85 min","Action, Comedy","Kevin Alyn Elders","Moshe Diamant (story), Rudy Cohen (story), Andrew Miller, Andrew Lowery","Dennis Rodman, Dane Cook, John Pinette, Ricky Harris","Basketball superstar Dennis Rodman stars as a hip Interpol agent attempting to defeat the deadly plans of a crazed arms dealer.","English","Germany, Belgium, USA","1 win.","https://images-na.ssl-images-amazon.com/images/M/MV5BMTM0NTEzNjk3M15BMl5BanBnXkFtZTcwMTEzMjkxMQ@@._V1_SX300.jpg","Internet Movie Database","2.5/10","16","2.5","6,120","tt0168172","movie","N/A","N/A","N/A","N/A","N/A","N/A","N/A","N/A","N/A","N/A","http://www.rottentomatoes.com/m/simon_sez/","28 Aug 2001","N/A","Sony Pictures Home Entertainment","N/A","True"
"74","Santa Claus Conquers the Martians","1964","NOT RATED","14 Nov 1964","81 min","Adventure, Comedy, Family","Nicholas Webster","Glenville Mareth (screenplay), Paul L. Jacobson (based on a story by)","John Call, Leonard Hicks, Vincent Beck, Bill McCutcheon","The Martians kidnap Santa Claus because there is nobody on Mars to give their children presents.","English","USA","N/A","https://images-na.ssl-images-amazon.com/images/M/MV5BMjE4OTg3MTU2Ml5BMl5BanBnXkFtZTcwOTM2NDIwNw@@._V1_SX300.jpg","Internet Movie Database","2.5/10","N/A","2.5","9,255","tt0058548","movie","N/A","N/A","N/A","N/A","N/A","N/A","N/A","N/A","N/A","N/A","http://www.rottentomatoes.com/m/santa_claus_conquers_the_martians/","23 Nov 2004","N/A","Independent Pictures","http://www.SantaMartiansMovie.com","True"
"75","Tees Maar Khan","2010","N/A","14 Nov 2010","135 min","Comedy, Crime","Farah Khan","Vishal Dadlani (lyrics), Vishal Dadlani, Anvita Dutt Guptan (lyrics), Ashmith Kunder (screenplay), Shirish Kunder (dialogue), Shirish Kunder (screenplay), Shirish Kunder (story)","Akshay Kumar, Katrina Kaif, Akshaye Khanna, Rajiv Laxman","Posing as a movie producer, a conman attempts to trick an entire village into helping him rob a treasure-laden train.","Hindi","India","4 wins & 2 nominations.","https://images-na.ssl-images-amazon.com/images/M/MV5BNTk1NTM5NDYwNl5BMl5BanBnXkFtZTcwMDI2MTYxNA@@._V1_SX300.jpg","Internet Movie Database","2.5/10","N/A","2.5","8,930","tt1572311","movie","N/A","N/A","N/A","N/A","N/A","N/A","N/A","N/A","N/A","N/A","http://www.rottentomatoes.com/m/tees_maar_khan_2010/","22 Feb 2011","$1,076,266","UTV Communications","http://www.teesmaarkhan-thefilm.com/","True"
"76","Breaking Wind","2012","R","13 Jan 2012","82 min","Comedy","Craig Moss","Craig Moss","Heather Ann Davis, Eric Callero, Frank Pacheco, Michael Adam Hamilton","A comedic spoof based on the worldwide phenomenon, The Twilight Saga.","English","USA","N/A","https://images-na.ssl-images-amazon.com/images/M/MV5BMjk1MTAwNjg5NF5BMl5BanBnXkFtZTgwNTcxODg0MDE@._V1_SX300.jpg","Internet Movie Database","2.4/10","N/A","2.4","3,879","tt1651323","movie","N/A","N/A","N/A","N/A","N/A","N/A","N/A","N/A","N/A","N/A","http://www.rottentomatoes.com/m/breaking_wind_2012/","27 Mar 2012","N/A","Grindstone Entertainment","N/A","True"
"77","Santa with Muscles","1996","PG","08 Nov 1996","97 min","Comedy","John Murlowski","Jonathan Bond, Fred Mata, Dorrie Krum Raymond","Hulk Hogan, Don Stark, Robin Curtis, Garrett Morris","An evil millionaire believes he is Santa Claus after an accident renders him amnesiac.","English","USA","N/A","https://images-na.ssl-images-amazon.com/images/M/MV5BMTBkNmZhZGUtMzkyNi00ZThhLTg1YmQtMzUyNjA3MzA3MTAxXkEyXkFqcGdeQXVyNjA3OTI5MjA@._V1_SX300.jpg","Internet Movie Database","2.4/10","N/A","2.4","7,996","tt0117550","movie","N/A","N/A","N/A","N/A","N/A","N/A","N/A","N/A","N/A","N/A","http://www.rottentomatoes.com/m/santa_with_muscles/","N/A","N/A","Cabin Fever Entertainment","N/A","True"
"78","Zombie Nightmare","1987","R","07 Mar 1988","89 min","Fantasy, Horror","Jack Bravman","John Fasano","Adam West, Jon Mikl Thor, Tia Carrere, Manuska Rigaud","After a young man is killed by a gang of rampant teenagers, he is resurrected by a voodoo priestess so he can avenge his death.","English","Canada","N/A","https://images-na.ssl-images-amazon.com/images/M/MV5BMjE3NjQzNTY1MV5BMl5BanBnXkFtZTcwMDc2MjE5Mw@@._V1_SX300.jpg","Internet Movie Database","2.3/10","N/A","2.3","2,518","tt0092297","movie","N/A","N/A","N/A","N/A","N/A","N/A","N/A","N/A","N/A","N/A","http://www.rottentomatoes.com/m/zombie_nightmare/","25 Oct 2010","N/A","New World","N/A","True"
"79","Boggy Creek II: And the Legend Continues","1984","PG","01 Dec 1985","91 min","Adventure, Drama, Horror","Charles B. Pierce","Charles B. Pierce","Charles B. Pierce, Cindy Butler, Chuck Pierce Jr., Jimmy Clem","A professor and three of his students camp out in the wilderness to find a Bigfoot-type creature.","English","USA","N/A","https://images-na.ssl-images-amazon.com/images/M/MV5BNzU2NzY5NTM1OF5BMl5BanBnXkFtZTcwNjcyNzAzMQ@@._V1_SX300.jpg","Internet Movie Database","2.3/10","N/A","2.3","2,793","tt0088772","movie","N/A","N/A","N/A","N/A","N/A","N/A","N/A","N/A","N/A","N/A","http://www.rottentomatoes.com/m/boggy_creek_2/","09 Aug 2005","N/A","Howco International","N/A","True"
"80","A Story About Love","1995","N/A","17 Feb 1995","70 min","Romance","Aune Sand","Aune Sand","Beate Halkjelsvik, Einar Lund, Beate Charlotte Lunde, Aune Sand","Two young people stand on a street corner in a run-down part of New York, kissing. Despite the lawlessness of the district they are left unmolested. A short distance away walk Maria and ...","Norwegian","Norway","N/A","https://images-na.ssl-images-amazon.com/images/M/MV5BNGFkZTkzMzEtMmNjZS00Mjk5LThlNTUtMTRhNzU3MjQ3ZGQ5XkEyXkFqcGdeQXVyNjExODE1MDc@._V1_SX300.jpg","Internet Movie Database","2.3/10","N/A","2.3","2,875","tt0112873","movie","N/A","N/A","N/A","N/A","N/A","N/A","N/A","N/A","N/A","N/A","http://www.rottentomatoes.com/m/dis-en-historie-om-kjaerlighet-haze-a-love-story/","N/A","N/A","N/A","N/A","True"
"81","Fat Slags","2004","N/A","15 Oct 2004","75 min","Comedy","Ed Bye","William Osborne","Fiona Allen, Sophie Thompson, Jerry O'Connell, Anthony Head","The Fat Slags from Viz hit the big time and become celebrities.","English","UK","N/A","https://images-na.ssl-images-amazon.com/images/M/MV5BM2NiOTM2YjItZTM1MC00MTk0LTkyN2QtNjQzZTEyZGI4N2Y3XkEyXkFqcGdeQXVyNDE4OTY5NzI@._V1_SX300.jpg","Internet Movie Database","2.6/10","N/A","2.6","3,641","tt0382028","movie","N/A","N/A","N/A","N/A","N/A","N/A","N/A","N/A","N/A","N/A","http://www.rottentomatoes.com/m/fat-slags/","N/A","N/A","N/A","N/A","True"
"82","Car 54, Where Are You?","1994","PG-13","28 Jan 1994","89 min","Comedy","Bill Fishman","Nat Hiken (television series), Erik Tarloff (story), Erik Tarloff (screenplay), Ebbe Roe Smith (screenplay), Peter McCarthy (screenplay), Peter Crabbe (screenplay)","David Johansen, John C. McGinley, Fran Drescher, Nipsey Russell","Brash NYC policeman Officer Gunther Toody is partnered with stiff, by-the-book Officer Francis Muldoon to protect an important mafia witness prior to testifying against orgainzed crime in ...","English","USA","2 wins & 2 nominations.","https://images-na.ssl-images-amazon.com/images/M/MV5BNmE1YzZmNzgtYjI2NC00MjI2LTk3MWItODMwZjBlOTU0YWY5XkEyXkFqcGdeQXVyNjE5MjUyOTM@._V1_SX300.jpg","Internet Movie Database","2.4/10","N/A","2.4","3,964","tt0109376","movie","N/A","N/A","N/A","N/A","N/A","N/A","N/A","N/A","N/A","N/A","http://www.rottentomatoes.com/m/car_54_where_are_you/","02 Dec 2003","N/A","Orion Home Video","N/A","True"
"83","Dragonball: Evolution","2009","PG","10 Apr 2009","85 min","Action, Adventure, Fantasy","James Wong","Ben Ramsey (screenplay), Akira Toriyama (novel)","Justin Chatwin, Yun-Fat Chow, Emmy Rossum, Jamie Chung","The young warrior Son Goku sets out on a quest, racing against time and the vengeful King Piccolo, to collect a set of seven magical orbs that will grant their wielder unlimited power.","English, Japanese, Hindi","USA, Hong Kong, UK","1 nomination.","https://images-na.ssl-images-amazon.com/images/M/MV5BMTYzNDM0ODQxMF5BMl5BanBnXkFtZTcwOTMyMzMzMg@@._V1_SX300.jpg","Internet Movie Database","2.7/10","45","2.7","59,743","tt1098327","movie","N/A","N/A","N/A","N/A","N/A","N/A","N/A","N/A","N/A","N/A","http://www.rottentomatoes.com/m/dragonball/","28 Jul 2009","$9,353,573","20th Century Fox","http://dbthemovie.com","True"
"84","The Aztec Mummy Against the Humanoid Robot","1958","APPROVED","N/A","65 min","Adventure, Horror, Sci-Fi","Rafael Portillo","Guillermo Calderón (original story), Alfredo Salazar (original story), Alfredo Salazar (adaptation)","Ramón Gay, Rosita Arenas, Crox Alvarado, Luis Aceves Castañeda","A mad doctor builds a robot in order to steal a valuable Aztec treasure from a tomb guarded by a centuries-old living mummy.","Spanish","Mexico","N/A","https://images-na.ssl-images-amazon.com/images/M/MV5BYTAyODI0N2YtYzMxMi00MDZlLTk4MjctOWQ3YjQ3NTIwZWVjXkEyXkFqcGdeQXVyNTc4Njg5MjA@._V1_SX300.jpg","Internet Movie Database","2.2/10","N/A","2.2","1,920","tt0050717","movie","N/A","N/A","N/A","N/A","N/A","N/A","N/A","N/A","N/A","N/A","http://www.rottentomatoes.com/m/la-momia-azteca-contra-el-robot-humano-the-robot-vs-the-aztec-mummy/","23 Jan 2007","N/A","Clasa-Mohme Inc.","http://www.vcientertainment.com/Film-Categories/LA-MOMIA-AZTECA-CONTRA-EL-ROBOT-HUMANO","True"
"85","Body in the Web","1960","UNRATED","01 Mar 1962","77 min","Horror","Fritz Böttger","Fritz Böttger, Eldon Howard, Albert G. Miller","Harald Maresch, Helga Franck, Alexander D'Arcy, Helga Neuner","Survivors of a plane crash on a remote island find it is covered by spiders. When bitten, the survivors start turning into spiders!","German","West Germany","N/A","https://images-na.ssl-images-amazon.com/images/M/MV5BZmJmMWJlMmItYzdmNS00MWM2LThhNzQtNzdkOTUwMmY2YTEzXkEyXkFqcGdeQXVyMTQ2MjQyNDc@._V1_SX300.jpg","Internet Movie Database","2.4/10","N/A","2.4","3,172","tt0054333","movie","N/A","N/A","N/A","N/A","N/A","N/A","N/A","N/A","N/A","N/A","http://www.rottentomatoes.com/m/ein_toter_hing_im_netz/","14 Nov 2000","N/A","Intercontinental Films","N/A","True"
"86","Mitchell","1975","R","10 Sep 1975","97 min","Action, Crime, Drama","Andrew V. McLaglen","Ian Kennedy Martin","Joe Don Baker, Martin Balsam, John Saxon, Linda Evans","A sleazy, incompetent detective tries to simultaneously take down heroin dealers and a socialite who murdered a burglar.","English","USA","N/A","https://images-na.ssl-images-amazon.com/images/M/MV5BMjQxOTBjYzYtN2U5MS00MWQ3LWEyMmMtYWM3YzI4MjExNjhkXkEyXkFqcGdeQXVyMjI4MjA5MzA@._V1_SX300.jpg","Internet Movie Database","2.4/10","N/A","2.4","3,887","tt0073396","movie","N/A","N/A","N/A","N/A","N/A","N/A","N/A","N/A","N/A","N/A","http://www.rottentomatoes.com/m/mitchell/","N/A","N/A","Allied Artists Pictures","N/A","True"
"87","Theodore Rex","1995","PG","14 Dec 1995","92 min","Action, Comedy, Family","Jonathan R. Betuel","Jonathan R. Betuel","Whoopi Goldberg, Armin Mueller-Stahl, Juliet Landau, Bud Cort","In an alternate futuristic society, a tough female police detective is paired with a talking dinosaur to find the killer of dinosaurs and other prehistoric animals leading them to a mad scientist bent on creating a new Armageddon.","English","USA","2 wins & 1 nomination.","https://images-na.ssl-images-amazon.com/images/M/MV5BMGE2MDBhODctN2JhMy00NGRjLWFlZjAtNjk5MGUwNTBmMzJlXkEyXkFqcGdeQXVyMTQ2MjQyNDc@._V1_SX300.jpg","Internet Movie Database","2.4/10","N/A","2.4","3,345","tt0114658","movie","N/A","N/A","N/A","N/A","N/A","N/A","N/A","N/A","N/A","N/A","http://www.rottentomatoes.com/m/theodore_rex/","08 Jul 2003","N/A","New Line Cinema","N/A","True"
"88","Santa Claus","1959","N/A","01 Oct 1960","94 min","Comedy, Family, Fantasy","René Cardona","Adolfo Torres Portillo (story), René Cardona (story), Adolfo Torres Portillo (adaptation), René Cardona (adaptation)","José Elías Moreno, Cesáreo Quezadas 'Pulgarcito', José Luis Aguirre 'Trotsky', Armando Arriola","With the aid of Merlin, Santa Claus must defeat the evil machinations of the devil Pitch to ruin Xmas.","Spanish","Mexico","1 win.","https://images-na.ssl-images-amazon.com/images/M/MV5BNmJmODcyMTEtOWU5ZC00OWVkLTk1ZTMtNGIzZGZkY2E5NjBmXkEyXkFqcGdeQXVyMDU5NjMyNg@@._V1_SX300.jpg","Internet Movie Database","2.5/10","N/A","2.5","3,908","tt0053241","movie","N/A","N/A","N/A","N/A","N/A","N/A","N/A","N/A","N/A","N/A","http://www.rottentomatoes.com/m/santa_claus/","05 Oct 2004","N/A","Cinematografica Calderon S.A.","http://www.vcientertainment.com/Film-Categories?keyword=SANTA%20C&product_id=450","True"
"89","Laserblast","1978","PG","01 Mar 1978","85 min","Horror, Sci-Fi","Michael Rae","Franne Schacht, Frank Ray Perilli","Kim Milford, Cheryl Smith, Gianni Russo, Ron Masak","A teenager stumbles upon an alien weapon, which transforms him into a grotesque killer.","English","USA","1 nomination.","https://images-na.ssl-images-amazon.com/images/M/MV5BNDYzMGJhZTEtMzgwYS00MmMyLWExZWUtM2UwOGIyYzQ2NjdmXkEyXkFqcGdeQXVyMTQ2MjQyNDc@._V1_SX300.jpg","Internet Movie Database","2.5/10","N/A","2.5","4,714","tt0077834","movie","N/A","N/A","N/A","N/A","N/A","N/A","N/A","N/A","N/A","N/A","http://www.rottentomatoes.com/m/laserblast/","20 Jul 1999","N/A","Irwin Yablans Company","N/A","True"
"90","Ed","1996","PG","15 Mar 1996","94 min","Comedy, Family, Sport","Bill Couturié","Ken Richards (story), Janus Cercone (story), David M. Evans (screenplay)","Matt LeBlanc, Gene Ross, Paul Hewitt, Sage Allen","A trained chimpanzee plays third base for a minor-league baseball team.","English","USA","3 nominations.","https://images-na.ssl-images-amazon.com/images/M/MV5BMTI0MjU2NDUxNV5BMl5BanBnXkFtZTcwNzIyMDIyMQ@@._V1_SX300.jpg","Internet Movie Database","2.6/10","25","2.6","7,368","tt0116165","movie","N/A","N/A","N/A","N/A","N/A","N/A","N/A","N/A","N/A","N/A","http://www.rottentomatoes.com/m/ed/","01 Jul 2003","N/A","MCA Universal Home Video","N/A","True"
"91","Survival Island","2002","R","14 Jun 2002","85 min","Horror, Thriller","David Hillenbrand, Scott Hillenbrand","David Hillenbrand, Scott Hillenbrand","Nicholas Brendon, Jaime Pressly, Eugene Byrd, Casey Fallo","Teens trapped on an island are haunted by a demon hidden inside...a pinata.","English","USA","N/A","https://images-na.ssl-images-amazon.com/images/M/MV5BMTIwNDk5MjA2OF5BMl5BanBnXkFtZTcwNjU0NjIyMQ@@._V1_SX300.jpg","Internet Movie Database","2.4/10","N/A","2.4","3,613","tt0201844","movie","N/A","N/A","N/A","N/A","N/A","N/A","N/A","N/A","N/A","N/A","http://www.rottentomatoes.com/m/pinata_survival_island/","11 Feb 2003","N/A","First Look Pictures","N/A","True"
"92","Time Chasers","1994","PG-13","17 Mar 1994","89 min","Sci-Fi","David Giancola","David Giancola","Matthew Bruch, Bonnie Pritchard, Peter Harrington, George Woodard","An inventor comes up with a time machine, but must prevent its abuse at the hands of an evil C.E.O.","English","USA","1 win.","https://images-na.ssl-images-amazon.com/images/M/MV5BZWVkNTczZDUtYjQ3Yi00NGQwLTg5MTMtOGMwNTFlMTI0MDFhXkEyXkFqcGdeQXVyMTgzOTE5MTY@._V1_SX300.jpg","Internet Movie Database","2.3/10","N/A","2.3","2,743","tt0145529","movie","N/A","N/A","N/A","N/A","N/A","N/A","N/A","N/A","N/A","N/A","http://www.rottentomatoes.com/m/time_chasers/","N/A","N/A","N/A","N/A","True"
"93","Devil Fish","1984","R","14 Nov 1986","90 min","Action, Horror, Thriller","Lamberto Bava","Lamberto Bava (additional material), Gianfranco Clerici (screenplay), Luigi Cozzi (story), Sergio Martino (story), Hervé Piccini (screenplay), Dardano Sacchetti (screenplay)","Michael Sopkiw, Valentine Monnier, Gianni Garko, William Berger","A marine biologist, a dolphin trainer, a research scientist, and a local sheriff try to hunt down a large sea monster, a shark/octopus hybrid, that is devouring swimmers and fishermen off a south Florida coast.","Italian","Italy, France","N/A","https://images-na.ssl-images-amazon.com/images/M/MV5BMTcwNDQ4NTc2N15BMl5BanBnXkFtZTgwOTEzMjAxMTE@._V1_SX300.jpg","Internet Movie Database","2.4/10","N/A","2.4","2,618","tt0088100","movie","N/A","N/A","N/A","N/A","N/A","N/A","N/A","N/A","N/A","N/A","http://www.rottentomatoes.com/m/devilfish/","N/A","N/A","Filmes International","N/A","True"
"94","Meet the Spartans","2008","PG-13","25 Jan 2008","86 min","Comedy","Jason Friedberg, Aaron Seltzer","Jason Friedberg, Aaron Seltzer","Sean Maguire, Carmen Electra, Ken Davitian, Kevin Sorbo","The heroic Spartan king Leonidas, armed with nothing but leather underwear and a cape, leads a ragtag bunch of 13 Spartan misfit warriors to defend their homeland against thousands of ...","English","USA","6 nominations.","https://images-na.ssl-images-amazon.com/images/M/MV5BMjAxMDE3NDQwMF5BMl5BanBnXkFtZTcwMjA0MzU1MQ@@._V1_SX300.jpg","Internet Movie Database","2.7/10","9","2.7","91,836","tt1073498","movie","N/A","N/A","N/A","N/A","N/A","N/A","N/A","N/A","N/A","N/A","http://www.rottentomatoes.com/m/meet_the_spartans/","03 Jun 2008","$38,200,000","20th Century Fox","http://www.meetthespartans.com","True"
"95","It's Pat: The Movie","1994","PG-13","26 Aug 1994","77 min","Comedy","Adam Bernstein","Julia Sweeney (characters), Jim Emerson, Stephen Hibbert, Julia Sweeney","Julia Sweeney, Dave Foley, Charles Rocket, Kathy Griffin","The comedic misadventures of a person of indeterminate gender.","English, Japanese","USA","1 win & 7 nominations.","https://images-na.ssl-images-amazon.com/images/M/MV5BM2VhMjI0NDQtZWRjMS00ZWY4LTk2MmItZTY4MzE4M2ZmOTQ3L2ltYWdlXkEyXkFqcGdeQXVyNjE5MjUyOTM@._V1_SX300.jpg","Internet Movie Database","2.6/10","N/A","2.6","8,756","tt0110169","movie","N/A","N/A","N/A","N/A","N/A","N/A","N/A","N/A","N/A","N/A","http://www.rottentomatoes.com/m/its-pat/","02 Sep 2003","N/A","Buena Vista","N/A","True"
"96","I Accuse My Parents","1944","APPROVED","04 Nov 1944","68 min","Crime, Drama","Sam Newfield","Arthur Caesar (original story), Harry L. Fraser (screenplay), Marjorie Dudley (screenplay)","Robert Lowell, Mary Beth Hughes, John Miljan, Vivienne Osborne","Young man goes to work for gangsters to impress his nightclub-singer girlfriend.","English","USA","N/A","https://images-na.ssl-images-amazon.com/images/M/MV5BY2Q1ODg4NDctNjkyMC00MTE5LTg1YjItZTlkZWY4Nzc1ZTI2XkEyXkFqcGdeQXVyNTc4Njg5MjA@._V1_SX300.jpg","Internet Movie Database","2.3/10","N/A","2.3","2,441","tt0037798","movie","N/A","N/A","N/A","N/A","N/A","N/A","N/A","N/A","N/A","N/A","http://www.rottentomatoes.com/m/i_accuse_my_parents/","01 Mar 2005","N/A","Producers Releasing Corporation","N/A","True"
"97","The Bat People","1974","PG","30 Jan 1974","91 min","Horror, Romance","Jerry Jameson","Lou Shaw","Stewart Moss, Marianne McAndrew, Michael Pataki, Paul Carr","After being bitten by a bat in a cave, a doctor undergoes an accelerating transformation into a man-bat, which ruins his vacation and causes considerable distress for his wife.","English","USA","N/A","https://images-na.ssl-images-amazon.com/images/M/MV5BZWM3ZGUyZWEtMjQ0OS00ZjJlLTkzNjktMjBjM2E1MzI0N2JlL2ltYWdlXkEyXkFqcGdeQXVyMTQxNzMzNDI@._V1_SX300.jpg","Internet Movie Database","2.2/10","N/A","2.2","1,919","tt0071198","movie","N/A","N/A","N/A","N/A","N/A","N/A","N/A","N/A","N/A","N/A","http://www.rottentomatoes.com/m/the_bat_people/","12 Aug 2008","N/A","MGM","N/A","True"
"98","Danes Without a Clue","1997","N/A","11 Jul 1997","79 min","Comedy","Kasper Wedendahl","Marie Trolle Larsen, Kasper Wedendahl","Timm Vladimir, Gordon Kennedy, Berte Fischer-Hansen, Henrik Lykkegaard","Two comedians set out to make their own exploitation video.","Danish","Denmark","N/A","http://ia.media-imdb.com/images/M/MV5BMTc0MTYyOTE4OF5BMl5BanBnXkFtZTYwNTQyODc5._V1_SX300.jpg","Internet Movie Database","2.2/10","N/A","2.2","2,280","tt0120214","movie","N/A","N/A","N/A","N/A","N/A","N/A","N/A","N/A","N/A","N/A","N/A","N/A","N/A","N/A","N/A","True"
"99","Ghosts Can't Do It","1989","R","01 Jun 1990","90 min","Comedy, Crime, Fantasy","John Derek","John Derek (by)","Bo Derek, Anthony Quinn, Don Murray, Julie Newmar","Elderly Scott kills himself after a heart attack wrecks his body, but then comes back as a ghost and convinces his loving young hot wife Kate to pick and kill a young man in order for Scott to possess his body and be with her again.","English","USA","4 wins & 6 nominations.","https://images-na.ssl-images-amazon.com/images/M/MV5BYWVlMWEwNTktN2Y3Zi00ZDEyLWI0YWYtOWZjMmY1MWFjMGI2XkEyXkFqcGdeQXVyNjExODE1MDc@._V1_SX300.jpg","Internet Movie Database","2.3/10","N/A","2.3","2,063","tt0099656","movie","N/A","N/A","N/A","N/A","N/A","N/A","N/A","N/A","N/A","N/A","http://www.rottentomatoes.com/m/ghosts_cant_do_it/","17 Oct 1990","N/A","Sony Pictures Home Entertainment","N/A","True"
"100","Warrior of the Lost World","1983","R","01 Sep 1985","92 min","Sci-Fi, Action","David Worth","David Worth","Robert Ginty, Persis Khambatta, Donald Pleasence, Fred Williamson","A nomad mercenary on a high-tech motorcycle helps bring about the downfall of the evil Orwellian government, the Omega.","English","Italy, USA","N/A","https://images-na.ssl-images-amazon.com/images/M/MV5BMTMwODE4NjU0NV5BMl5BanBnXkFtZTcwOTg4MjE5Mw@@._V1_SX300.jpg","Internet Movie Database","2.3/10","N/A","2.3","2,143","tt0088380","movie","N/A","N/A","N/A","N/A","N/A","N/A","N/A","N/A","N/A","N/A","http://www.rottentomatoes.com/m/warrior_of_the_lost_world/","01 Nov 2005","N/A","A.D.I.","N/A","True"
